{
  "project_info": {
    "project_number": "723530464542",
    "firebase_url": "https://fir-todolist-d38d7.firebaseio.com",
    "project_id": "fir-todolist-d38d7",
    "storage_bucket": "fir-todolist-d38d7.appspot.com"
  },
  "client": [
    {
      "client_info": {
        "mobilesdk_app_id": "1:723530464542:android:311998cdb70c6d00",
        "android_client_info": {
          "package_name": "com.ramanic.firebasetodolist"
        }
      },
      "oauth_client": [
        {
          "client_id": "723530464542-otfae09omoijgh4cp8og26vb4phskg1i.apps.googleusercontent.com",
          "client_type": 1,
          "android_info": {
            "package_name": "com.ramanic.firebasetodolist",
            "certificate_hash": "4617ccc7dc8a50967580cd8e869fdd6b9e2c628e"
          }
        },
        {
          "client_id": "723530464542-rp6eseg4hvgp2jqfhkmfl0lreju7v9s6.apps.googleusercontent.com",
          "client_type": 3
        }
      ],
      "api_key": [
        {
          "current_key": "AIzaSyC9LMJ2kryjs9xMk83NXDvWMcNPOW0jags"
        }
      ],
      "services": {
        "appinvite_service": {
          "other_platform_oauth_client": [
            {
              "client_id": "723530464542-rp6eseg4hvgp2jqfhkmfl0lreju7v9s6.apps.googleusercontent.com",
              "client_type": 3
            }
          ]
        }
      }
    }
  ],
  "configuration_version": "1"
}